\c cs_077_120_126

INSERT INTO soldier VALUES('1001','Major Somnath Sharma','31-01-1923',173,72,'M','Major','Armoured corps');
INSERT INTO soldier VALUES('1002','Capt Vikram Batra','9-09-1974',175,78,'M','Captain','Sniper');
INSERT INTO soldier VALUES('1003','Major R Parameswaran','13-09-1946',175,75,'M','Major','Infantary');
INSERT INTO soldier VALUES('1004','Grenadier Yogenedr Singh','10-05-1980',170,79,'M','Subedar Major','Infantary');
INSERT INTO soldier VALUES('1005','Sanjay Kumar','03-05-1976',165,71,'M','Subedar','Artilery');
INSERT INTO soldier VALUES('1006','Manoj Kumar Pandey','25-06-1975',172,82,'M','Captain','Intelligence corps');
INSERT INTO soldier VALUES('1007','Major Sandeep Unnikrishna','15-03-1977',185,85,'M','Major','Infantary');
INSERT INTO soldier VALUES('1008','NK Nirbhay Singh','01-05-1958',168,68,'M','Naik','Sniper');
INSERT INTO soldier VALUES('1009','Jas Ram Singh','01-03-1935',170,73,'M','Lietutenant Colonel','Artilery');
INSERT INTO soldier VALUES('1010','Padmapani Achary','21-06-1969',172,76,'M','Major','Infantary');
INSERT INTO soldier VALUES('1011','Knodendera Subayya Thimayya','31-03-1906',174,78,'M','Major','Armoured corps');
INSERT INTO soldier VALUES('1012','Yogesh Kumar Joshi','05-01-1962',175,77,'M','Major','Sniper');
INSERT INTO soldier VALUES('1013','Krishnaswamy Sundarji','28-04-1928',176,79,'M','Major','Armoured corps');
INSERT INTO soldier VALUES('1014','V K Singh','10-05-1951',175,80,'M','Major','Artilery');
INSERT INTO soldier VALUES('1015','Bipin Rawat','16-03-1958',174,76,'M','Major','Intelligence Corps');
INSERT INTO soldier VALUES('1016', 'B Santosh Babu ','13-02-1983', 172, 75, 'M', 'Major', 'Sniper');
INSERT INTO soldier VALUES('1017', 'Kanwal Jeet Singh Dhillon','23-06-1953', 173, 75, 'M', 'Major', 'Ranikhet');



INSERT INTO regiment VALUES('IN001','Kumaon Regiment','Ranikhet',105,200,1011,1011);
INSERT INTO regiment VALUES('IN002','13 JAK Rifels','Kashmir',67,100,1012,1012);
INSERT INTO regiment VALUES('IN003','Mahar Regiment','Sagar',110,150,1013,1013);
INSERT INTO regiment VALUES( 'IN004','18 Grenadiers','Jabalpur',380,450,1004,1004);
INSERT INTO regiment VALUES('IN005','11 Gorkha Rifels','Lucknow',200,210,1015,1015);
INSERT INTO regiment VALUES('IN006','Bihar Regiment','Danapur Cantonment',870,1000,1016,1016);
INSERT INTO regiment VALUES('IN007','Rajput Regiment','Fatehgarh',500,550,1014,1014);
INSERT INTO regiment VALUES('IN008','Rajputana Rifles','Delhi Cantonment',700,700,1017,1017);


INSERT INTO assignment VALUES ('A01', 'Operation Vijay', '05-05-1961', '11-05-1961', 'Success', 'Captain','1002');
INSERT INTO assignment VALUES ('A02', 'Operation Steelpechase', '14-09-1971', '28-09-1971', 'Success','Subedar', '1005');
INSERT INTO assignment VALUES ('A03', 'Operation BlueStar', '15-10-1984', '25-10-1984', 'Success', 'Major','1007');
INSERT INTO assignment VALUES ('A04', 'Siachen Conflict', '06-01-1984', '15-01-1984', 'Success','Major', '1003');
INSERT INTO assignment VALUES ('A05', 'Operation Woodrose', '15-09-1984', '28-09-1984', 'Success','Lietutenant Colonel', '1009');
INSERT INTO assignment VALUES ('A06', 'Operation Meghdoot', '05-11-1984', '25-11-1984', 'Success', 'Major','1010');
INSERT INTO assignment VALUES ('A07', 'Operation Rajiv', '02-02-1987', '13-03-1987', 'Success','Major', '1001');
INSERT INTO assignment VALUES ('A08', 'Operation Bulebird', '05-11-1987', '27-11-1987', 'Success','Subedar Major' ,'1004');
INSERT INTO assignment VALUES ('A09', 'Operation Pawan', '14-05-1987', '26-05-1987', 'Success', 'Major','1014');
INSERT INTO assignment VALUES ('A10', 'Operation Virat', '11-07-1988', '21-07-1988', 'Success', 'Major','1015');


INSERT INTO medal VALUES ('M01','Param Vir Chakra','1001');
INSERT INTO medal VALUES ('M02','Param Vir Chakra','1002');
INSERT INTO medal VALUES ('M03','Param Vir Chakra','1003');
INSERT INTO medal VALUES ('M04','Param Vir Chakra','1004');
INSERT INTO medal VALUES ('M05','Param Vir Chakra','1005');
INSERT INTO medal VALUES ('M06','Param Vir Chakra','1006');
INSERT INTO medal VALUES ('M07','Ashok Chakra','1007');
INSERT INTO medal VALUES ('M08','Ashok Chakra','1008');
INSERT INTO medal VALUES ('M09','Ashok Chakra','1009');
INSERT INTO medal VALUES ('M10','Maha Vir Chakra','1010');
INSERT INTO medal VALUES ('M11','Padma Bhushan','1011');
INSERT INTO medal VALUES ('M12','Vir Chakra','1012');
INSERT INTO medal VALUES ('M13','Param Vishisht Seva Medal','1013');
INSERT INTO medal VALUES ('M14','Param Vishisht Seva Medal','1014');
INSERT INTO medal VALUES ('M15','Param Vishisht Seva Medal','1015');
INSERT INTO medal VALUES ('M16','Param Vishisht Seva Medal','1016');
INSERT INTO medal VALUES ('M17','Vishisht Seva Medal','1014');
INSERT INTO medal VALUES ('M18','Operation Parakram Medal','1007');
INSERT INTO medal VALUES ('M19','Special Service Medal','1007');
INSERT INTO medal VALUES ('M20','Special Service Medal','1007');
INSERT INTO medal VALUES ('M21','9 Years Long Service Medal','1007');
INSERT INTO medal VALUES ('M22','High Altitude Service Medal','1007');



INSERT INTO education VALUES ('Indian Military Academy', 'PGDM', '1001');
INSERT INTO education VALUES ('DAV College, Chandigarh', 'B.Sc Medical Sciences', '1002');
INSERT INTO education VALUES ('SIES college', 'Science', '1003');
INSERT INTO education VALUES ('Indian Military Academy', 'PGDM', '1004');
INSERT INTO education VALUES ('Government Senior Secondary School, Bilaspur', 'Secondary school', '1005');
INSERT INTO education VALUES ('National Defence Academy', 'BE', '1006');
INSERT INTO education VALUES ('National Defence Academy', 'Bachelor of Arts', '1007');
INSERT INTO education VALUES ('Government Higher Secondary School', 'Secondary school', '1008');
INSERT INTO education VALUES ('NREC', 'Bachelors', '1009');
INSERT INTO education VALUES ('Officers Training Academy Madras', 'Bachelors', '1010');
INSERT INTO education VALUES ('Prince of Wales Royal Indian Military College', 'PGDM', '1011');
INSERT INTO education VALUES ('Indian Military Academy', 'PGDM', '1012');
INSERT INTO education VALUES ('Madras University', 'MSc in defence studies', '1013');
INSERT INTO education VALUES ('Indian Military Academy', 'PGDM', '1014');
INSERT INTO education VALUES ('Chaudhary Charan Singh University', 'PhD', '1015');
INSERT INTO education VALUES ('Sainik School', 'Higher Secondary', '1016');
INSERT INTO education VALUES ('National Defence College, Delhi', 'Higher Secondary', '1017');


INSERT INTO war VALUES ('Kargil War', '03-03-1999', 'Victory','IN001');
INSERT INTO war VALUES ('Indo-Pakistani War of 1947', '22-10-1947', 'Victory','IN002');
INSERT INTO war VALUES ('Sri Lankan Civil War', '23-7-1983', 'Victory','IN003');
INSERT INTO war VALUES ('Operation Blue Star', '01-6-1984', 'Victory','IN004');
INSERT INTO war VALUES ('Indo-Pakistani War of 1971', '03-12-1971', 'Victory','IN005');



INSERT INTO dependents VALUES ('1011', 'Nina Carriappa', 32);
INSERT INTO dependents VALUES ('1011', 'Mireille Carriappa', 14);
INSERT INTO dependents VALUES ('1013', 'Padma Sundarji', 48);
INSERT INTO dependents VALUES ('1013', 'Vani Sundarji', 54);
INSERT INTO dependents VALUES ('1013', 'Vikram Sundarji',21);
INSERT INTO dependents VALUES ('1014','Bharthi Singh',64);
INSERT INTO dependents VALUES ('1016','Santoshi',23);
INSERT INTO dependents VALUES ('1016','Abhigna',9);
INSERT INTO dependents VALUES ('1016','Anirudh',4);

INSERT INTO location VALUES( 'Kargil', 'Jammu and Kashmir', 'India', 560111,'1007','Kargil War');
INSERT INTO location VALUES( 'Kargil_N', 'Jammu and Kashmir', 'India', 560111,'1006','Kargil War');
INSERT INTO location VALUES( 'Kargil_E', 'Jammu and Kashmir', 'India', 560111,'1005','Kargil War');
INSERT INTO location VALUES( 'Kargil_W', 'Jammu and Kashmir', 'India', 560111,'1004','Kargil War');
INSERT INTO location VALUES( 'Kargil_S', 'Jammu and Kashmir', 'India', 560111,'1002','Kargil War'); 
INSERT INTO location VALUES( 'Amritsar', 'Punjab', 'India', 560341,'1003','Operation Blue Star');
INSERT INTO location VALUES( 'Kutchh', 'Gujarat', 'India', 560279,'1001','Indo-Pakistani War of 1947');

INSERT INTO inventory VALUES ('I001', 50, 'IN001');
INSERT INTO inventory VALUES ('I002', 70, 'IN002');
INSERT INTO inventory VALUES ('I003', 50, 'IN003');
INSERT INTO inventory VALUES ('I004', 70, 'IN004');
INSERT INTO inventory VALUES ('I005', 50, 'IN005');
INSERT INTO inventory VALUES ('I006', 70, 'IN006');
INSERT INTO inventory VALUES ('I007', 50, 'IN007');
INSERT INTO inventory VALUES ('I008', 70, 'IN008');

INSERT INTO weapons VALUES('W001','Pistol Auto 9mm 1A','I001', 450, 'Pistol');
INSERT INTO weapons VALUES('W002','12 Bore PAG','I001', 570, 'Pistol');
INSERT INTO weapons VALUES('W003','Heckler & Koch MP5','I001', 380, 'Pump action');
INSERT INTO weapons VALUES('W004','Micro-Uzi','I001', 640, 'Machine pistol');
INSERT INTO weapons VALUES('W005','SAF Carbine 2A1','I001', 750, 'SubMachine Gun');
INSERT INTO weapons VALUES('W006','SIG-716 i','I001', 790, 'Battle rifle');
INSERT INTO weapons VALUES('W007','IMI Tavor TAR-21','I001', 800, 'Assault rifle');
INSERT INTO weapons VALUES('W008','Steyr SSG 69','I001', 190, 'Sniper rifle');

INSERT INTO vehicles VALUES('V001','Mahindra Armoured Light Specialist Vehicle','I001',50,'Armoured vehicle','Petrol');
INSERT INTO vehicles VALUES('V002','Kalyani M4','I002',70,'Surveillance vehicle','Diesel');
INSERT INTO vehicles VALUES('V003','Mahindra MPV-I','I003',80,'Armoured vehicle','Diesel');
INSERT INTO vehicles VALUES('V004','Renault Sherpa','I004',40,'Armoured vehicle','Diesel');
INSERT INTO vehicles VALUES('V005','Mahindra Marksman','I005',30,'Surveillance vehicle','Petrol');
INSERT INTO vehicles VALUES('V006','Tata Merlin','I006',60,'Surveillance vehicle','Diesel');
INSERT INTO vehicles VALUES('V007','Mahindra Meva Straton Plus APC','I007',20,'Armoured vehicle','Petrol');
INSERT INTO vehicles VALUES('V008','Tata whAP','I008',50,'Armoured vehicle','Diesel');

INSERT INTO ration VALUES('R001','01-10-2021','I001',100,'Food');
INSERT INTO ration VALUES('R002','01-09-2021','I002',200,'Medical');
INSERT INTO ration VALUES('R003','01-10-2021','I003',500,'Food');
INSERT INTO ration VALUES('R004','1-10-2021','I004',200,'Food');
INSERT INTO ration VALUES('R005','01-07-2021','I005',400,'Medical');
INSERT INTO ration VALUES('R006','01-10-2021','I006',200,'Food');
INSERT INTO ration VALUES('R007','01-10-2021','I007',100,'Food');
INSERT INTO ration VALUES('R008','01-06-2021','I008',200,'Medical');













